{
  "H1_stability": {
    "t0=1.5708": {
      "eps=0.1": {
        "cos_true": -0.09983341664682818,
        "err_std_ulp": 0.0,
        "err_quat_ulp": 14.0,
        "err_numpy_ulp": 0.0,
        "winner": "EQUAL"
      },
      "eps=0.001": {
        "cos_true": -0.0009999998333331704,
        "err_std_ulp": 56.0,
        "err_quat_ulp": 844.0,
        "err_numpy_ulp": 0.0,
        "winner": "NUMPY"
      },
      "eps=1e-05": {
        "cos_true": -9.999999999837613e-06,
        "err_std_ulp": 19106.0,
        "err_quat_ulp": 134528.0,
        "err_numpy_ulp": 0.0,
        "winner": "NUMPY"
      },
      "eps=1e-07": {
        "cos_true": -9.999999999715422e-08,
        "err_std_ulp": 329103.0,
        "err_quat_ulp": 4626597.0,
        "err_numpy_ulp": 0.0,
        "winner": "NUMPY"
      },
      "eps=1e-09": {
        "cos_true": -1.000000021508031e-09,
        "err_std_ulp": 126013200.0,
        "err_quat_ulp": 296101427.0,
        "err_numpy_ulp": 0.0,
        "winner": "NUMPY"
      },
      "eps=1e-11": {
        "cos_true": -9.999939595063753e-12,
        "err_std_ulp": 26935055940.0,
        "err_quat_ulp": 37900982666.0,
        "err_numpy_ulp": 0.0,
        "winner": "NUMPY"
      },
      "eps=1e-13": {
        "cos_true": -9.985883987630672e-14,
        "err_std_ulp": 2757811913401.0,
        "err_quat_ulp": 12740860263145.0,
        "err_numpy_ulp": 0.0,
        "winner": "NUMPY"
      }
    },
    "t0=7.8540": {
      "eps=0.1": {
        "cos_true": -0.09983341664682749,
        "err_std_ulp": 574.0,
        "err_quat_ulp": 21764.0,
        "err_numpy_ulp": 0.0,
        "winner": "NUMPY"
      },
      "eps=0.001": {
        "cos_true": -0.0009999998333333694,
        "err_std_ulp": 20043.0,
        "err_quat_ulp": 101090.0,
        "err_numpy_ulp": 0.0,
        "winner": "NUMPY"
      },
      "eps=1e-05": {
        "cos_true": -9.999999999148594e-06,
        "err_std_ulp": 1663560.0,
        "err_quat_ulp": 52707909.0,
        "err_numpy_ulp": 0.0,
        "winner": "NUMPY"
      },
      "eps=1e-07": {
        "cos_true": -9.999999997426945e-08,
        "err_std_ulp": 689082377.0,
        "err_quat_ulp": 11184047351.0,
        "err_numpy_ulp": 0.0,
        "winner": "NUMPY"
      },
      "eps=1e-09": {
        "cos_true": -9.999997765786713e-10,
        "err_std_ulp": 101113115418.0,
        "err_quat_ulp": 599814914305.0,
        "err_numpy_ulp": 0.0,
        "winner": "NUMPY"
      },
      "eps=1e-11": {
        "cos_true": -9.999694665703923e-12,
        "err_std_ulp": 14221315479440.0,
        "err_quat_ulp": 73307028160435.0,
        "err_numpy_ulp": 0.0,
        "winner": "NUMPY"
      },
      "eps=1e-13": {
        "cos_true": -1.0005799972632731e-13,
        "err_std_ulp": 758159129186245.0,
        "err_quat_ulp": 1.0086987046312308e+16,
        "err_numpy_ulp": 0.0,
        "winner": "NUMPY"
      }
    },
    "t0=14.1372": {
      "eps=0.1": {
        "cos_true": -0.09983341664682725,
        "err_std_ulp": 1506322.0,
        "err_quat_ulp": 3421461.0,
        "err_numpy_ulp": 0.0,
        "winner": "NUMPY"
      },
      "eps=0.001": {
        "cos_true": -0.0009999998333322364,
        "err_std_ulp": 26921077.0,
        "err_quat_ulp": 354514553.0,
        "err_numpy_ulp": 0.0,
        "winner": "NUMPY"
      },
      "eps=1e-05": {
        "cos_true": -9.999999998903666e-06,
        "err_std_ulp": 9857618870.0,
        "err_quat_ulp": 10588944137.0,
        "err_numpy_ulp": 0.0,
        "winner": "NUMPY"
      },
      "eps=1e-07": {
        "cos_true": -9.999999884116167e-08,
        "err_std_ulp": 1054639055122.0,
        "err_quat_ulp": 57621044588.0,
        "err_numpy_ulp": 0.0,
        "winner": "NUMPY"
      },
      "eps=1e-09": {
        "cos_true": -9.999995316493113e-10,
        "err_std_ulp": 71989944913747.0,
        "err_quat_ulp": 613576362993716.0,
        "err_numpy_ulp": 0.0,
        "winner": "NUMPY"
      },
      "eps=1e-11": {
        "cos_true": -9.998561557924393e-12,
        "err_std_ulp": 3059053929187714.0,
        "err_quat_ulp": 4.221760686287107e+16,
        "err_numpy_ulp": 0.0,
        "winner": "NUMPY"
      },
      "eps=1e-13": {
        "cos_true": -9.892489194679772e-14,
        "err_std_ulp": 4.5252119576644115e+17,
        "err_quat_ulp": 4.619523655843255e+18,
        "err_numpy_ulp": 0.0,
        "winner": "NUMPY"
      }
    },
    "t0=39.2699": {
      "eps=0.1": {
        "cos_true": -0.0998334166468298,
        "err_std_ulp": 1.2361655013093616e+16,
        "err_quat_ulp": 7193755808156579.0,
        "err_numpy_ulp": 0.0,
        "winner": "NUMPY"
      },
      "eps=0.001": {
        "cos_true": -0.0009999998333312565,
        "err_std_ulp": 1.6412436466460068e+18,
        "err_quat_ulp": 4611685249803474.0,
        "err_numpy_ulp": 0.0,
        "winner": "NUMPY"
      },
      "eps=1e-05": {
        "cos_true": -1.0000000003253019e-05,
        "err_std_ulp": 3.561551845265144e+19,
        "err_quat_ulp": 2.3611773384767171e+21,
        "err_numpy_ulp": 0.0,
        "winner": "NUMPY"
      },
      "eps=1e-07": {
        "cos_true": -1.0000000141415791e-07,
        "err_std_ulp": 1.9786600519499344e+22,
        "err_quat_ulp": 3.0223146245944375e+23,
        "err_numpy_ulp": 0.0,
        "winner": "NUMPY"
      },
      "eps=1e-09": {
        "cos_true": -9.999967755750327e-10,
        "err_std_ulp": 1.1976110503925971e+24,
        "err_quat_ulp": 4835687686096131.0,
        "err_numpy_ulp": 0.0,
        "winner": "NUMPY"
      },
      "eps=1e-11": {
        "cos_true": -9.997581840485076e-12,
        "err_std_ulp": 3.426100666452079e+26,
        "err_quat_ulp": 2.4758800785645722e+27,
        "err_numpy_ulp": 0.0,
        "winner": "NUMPY"
      },
      "eps=1e-13": {
        "cos_true": -9.972153134688009e-14,
        "err_std_ulp": 1.8302908506862398e+28,
        "err_quat_ulp": 3.1691265005704943e+29,
        "err_numpy_ulp": 0.0,
        "winner": "NUMPY"
      }
    }
  },
  "H2_monotone": {
    "t=1.0": {
      "cos_true": 0.5403023058681398,
      "err_std_ulp": 1.0,
      "err_quat_ulp": 0.0,
      "max_std_intermediate": 1.0,
      "max_u_intermediate": 1.0,
      "digits_at_risk_std": 0.2673631790022216,
      "winner": "QUAT"
    },
    "t=5.0": {
      "cos_true": 0.28366218546322625,
      "err_std_ulp": 9.0,
      "err_quat_ulp": 167.0,
      "max_std_intermediate": 26.041666666666668,
      "max_u_intermediate": 678.1684027777778,
      "digits_at_risk_std": 1.9628673310570812,
      "winner": "STD"
    },
    "t=10.0": {
      "cos_true": -0.8390715290764524,
      "err_std_ulp": 1372.0,
      "err_quat_ulp": 21729.0,
      "max_std_intermediate": 2755.731922398589,
      "max_u_intermediate": 1033399.470899471,
      "digits_at_risk_std": 3.5164379820286396,
      "winner": "STD"
    },
    "t=15.0": {
      "cos_true": -0.7596879128588213,
      "err_std_ulp": 85170.0,
      "err_quat_ulp": 1877235.0,
      "max_std_intermediate": 334864.62769059907,
      "max_u_intermediate": 662207881.907679,
      "digits_at_risk_std": 5.644234058167316,
      "winner": "STD"
    },
    "t=20.0": {
      "cos_true": 0.40808206181339196,
      "err_std_ulp": 10273857.0,
      "err_quat_ulp": 694462527.0,
      "max_std_intermediate": 43099804.12182176,
      "max_u_intermediate": 287332027478.81177,
      "digits_at_risk_std": 8.023727791622955,
      "winner": "STD"
    },
    "t=25.0": {
      "cos_true": 0.9912028118634736,
      "err_std_ulp": 7426009843.0,
      "err_quat_ulp": 73189227265.0,
      "max_std_intermediate": 5726042115.469873,
      "max_u_intermediate": 93197300056475.8,
      "digits_at_risk_std": 9.761692012581051,
      "winner": "STD"
    },
    "t=30.0": {
      "cos_true": 0.15425144988758405,
      "err_std_ulp": 2120051652402.0,
      "err_quat_ulp": 15955573889618.0,
      "max_std_intermediate": 776207020879.7284,
      "max_u_intermediate": 2.5323754056201136e+16,
      "digits_at_risk_std": 12.701748311785662,