{
  "experiment": "Council-R4-Task2",
  "description": "Independent verification of Singh's \u03b4\u00b2 = 3/8 from J\u2083(O)",
  "claim_tag": "[CO]",
  "test1_singh_normalization": {
    "normalization": "N = |x|\u00b2 = |y|\u00b2 = |z|\u00b2 = 1/8",
    "predicted_delta_sq": 0.375,
    "mean_delta_sq": 0.3749999999999996,
    "std_delta_sq": 7.795831212177046e-16,
    "min_delta_sq": 0.3749999999999962,
    "max_delta_sq": 0.37500000000000255,
    "deviation_from_prediction": 3.885780586188048e-16,
    "n_trials": 10000,
    "verdict": "CONFIRMED",
    "analytic_formula": "\u03b4\u00b2 = 3N for any equal-diagonal J\u2083(O) element"
  },
  "test2_normalization_dependence": {
    "N=0.125": {
      "N": 0.125,
      "mean_delta_sq": 0.37499999999999956,
      "predicted_3N": 0.375,
      "ratio": 0.9999999999999988
    },
    "N=0.25": {
      "N": 0.25,
      "mean_delta_sq": 0.7499999999999991,
      "predicted_3N": 0.75,
      "ratio": 0.9999999999999988
    },
    "N=0.5": {
      "N": 0.5,
      "mean_delta_sq": 1.4999999999999991,
      "predicted_3N": 1.5,
      "ratio": 0.9999999999999994
    },
    "N=1.0": {
      "N": 1.0,
      "mean_delta_sq": 3.0,
      "predicted_3N": 3.0,
      "ratio": 1.0
    },
    "N=2.0": {
      "N": 2.0,
      "mean_delta_sq": 6.0,
      "predicted_3N": 6.0,
      "ratio": 1.0
    }
  },
  "test3_unequal_diagonal": {
    "mean_delta_sq": 0.5608823222857489,
    "std_delta_sq": 0.14448922946903212,
    "mean_delta_sq_diagonal_only": 0.18588232228574897,
    "min_delta_sq": 0.37502841420775573,
    "max_delta_sq": 1.1178401158496947,
    "is_3_over_8": false,
    "conclusion": "\u03b4\u00b2 = 3/8 holds ONLY for equal diagonal entries (a=b=c). For unequal diagonal entries, \u03b4\u00b2 gets contributions from both the diagonal spread and the octonionic entries."
  },
  "test4_re_xyz_effect": {
    "delta_sq_mean": 0.37499999999999967,
    "delta_sq_std": 7.597183229314006e-16,
    "delta_sq_is_constant": true,
    "re_xyz_range": [
      -0.0367205205621612,
      0.03299941976562267
    ],
    "mu_ratio_range": [
      -1.48682139966213,
      -0.7142950043162807
    ],
    "conclusion": "\u03b4\u00b2 = 3/8 is EXACT for all equal-diagonal J\u2083(O) elements regardless of the octonionic entries. However, the individual eigenvalue PATTERN (ratios) depends on Re(x(yz)), which is NOT fixed by the algebra. Singh's mass hierarchy predictions require BOTH \u03b4\u00b2 = 3/8 (algebraic) AND specific eigenvalue ratios (from additional principles)."
  },
  "test5_trace_split": {
    "singh_assumption": "Tr(X_l) : Tr(X_u) : Tr(X_d) = 1 : 2 : 3",
    "consequence": "sqrt(m_e) : sqrt(m_u) : sqrt(m_d) \u2248 1 : 2 : 3",
    "is_derived_from_j3o": false,
    "is_derived_from_e8": false,
    "is_free_parameter": true,
    "explanation": "The trace split 1:2:3 is a FREE ASSUMPTION. It is not derived from J\u2083(O) or E\u2088 representation theory. Different trace splits give different first-generation mass ratios. The agreement with experiment for Prediction 1 is built into the assumption.",
    "alternative_trace_splits": {
      "1:1:1": "Would predict m_e = m_u = m_d (clearly wrong)",
      "1:2:3": "Singh's choice \u2192 sqrt(m) ratios 1:2:3",
      "1:3:5": "Would predict sqrt(m) ratios 1:\u221a3:\u221a5"
    },
    "could_su9_constrain_it": "In principle, the SU(9) CG structure could constrain the relative traces of the lepton, up-quark, and down-quark sectors. The M8.1 computation found that the Yukawa coupling factorizes into SU(5) \u00d7 SU(4) parts, and the SU(4) contribution is degenerate in the SU(3)-symmetric limit. So the trace split is NOT constrained by SU(9). See Task 4 for details."
  },
  "overall": {
    "delta_sq_verified": true,
    "delta_sq_is_algebraic": true,
    "delta_sq_depends_on_normalization": true,
    "delta_sq_formula": "\u03b4\u00b2 = 3N where N = |x|\u00b2 = |y|\u00b2 = |z|\u00b2",
    "individual_eigenvalues_depend_on_re_xyz": true,
    "trace_split_is_free": true,
    "singh_predictions_that_are_algebraic": [
      "\u03b4\u00b2 = 3/8 (for N=1/8) \u2014 algebraic invariant of J\u2083(O)"
    ],
    "singh_predictions_that_are_assumed": [
      "Trace split 1:2:3 \u2014 free parameter",
      "Normalization N = 1/8 \u2014 convention (equivalent to choosing units)",
      "Minimality principle for CG ladder \u2014 physical postulate"
    ],
    "honest_assessment": "Singh's \u03b4\u00b2 = 3/8 IS a genuine algebraic result: for any J\u2083(O) element with equal diagonal and |x|\u00b2=1/8, the eigenvalue spread is exactly 3/8. This is EXACT and UNIVERSAL (independent of the specific octonionic entries). However: (1) The normalization N=1/8 is a choice; \u03b4\u00b2 = 3N for any N. (2) The trace split 1:2:3 is not derived from J\u2083(O). (3) The individual eigenvalue patterns depend on Re(x(yz)), which is free. So out of Singh's predictions: the \u03b4\u00b2 formula is algebraic, but the mass ratio predictions require additional assumptions beyond J\u2083(O) structure."
  },
  "runtime_seconds": 2.44
}