{
  "experiment": "Experiment 4 Phase 1: SO(14) RG Coupling Unification",
  "timestamp": "2026-03-08T19:30:07.386537",
  "convention": "alpha_i^{-1}(mu) = alpha_i^{-1}(M_Z) - b_i/(2pi)*ln(mu/M_Z)",
  "normalization": "GUT: alpha_1^{-1}(M_Z)=59.0, b1=123/50=2.46",
  "inputs": {
    "M_Z_GeV": 91.1876,
    "a1_MZ": 59.0,
    "a2_MZ": 29.6,
    "a3_MZ": 8.5,
    "b1": 2.46,
    "b2": -3.1666666666666665,
    "b3": -7.0
  },
  "results": {
    "mu_12": 1.6519313495419782e+16,
    "v_12": 46.146208530805694,
    "mu_23": 9.548602622113147e+16,
    "v_23": 47.030434782608694,
    "mu_13": 3.363137606380056e+16,
    "v_13": 45.867864693446094,
    "a1_at_23": 45.45930434782609,
    "miss_abs": 1.571130434782603,
    "miss_pct": 3.34066746787463,
    "deficit": -1.571130434782603,
    "equal_shifts": 1.0,
    "tau_yr": 5.274041507361732e+39,
    "log_tau": 39.72214354342238,
    "tau_bound": 1.6e+34,
    "proton_ok": "True",
    "kc1": "GREEN",
    "kc2": "GREEN",
    "overall": "PASS"
  }
}